pin_number,pin_title,product_name,amazon_url
"1","Ce tiroir était un cauchemar… regarde ça 😳","Vtopmart 25 PCS Plastic Clear Drawer Organizer, Acrylic Desk Drawer organizers, Organization and Storage for Makeup, Bathroom, Office, kitchen, Bedroom","https://www.amazon.ca/dp/B08KXKVT4K?tag=amaterest-20"
"2","Le coin le plus chaotique de la maison 😬","2 Tier Bathroom Storage Organizer, Vtopmart 2 Pack Clear Under Sink Organizers Vanity Counter Storage Container, Medicine Cabinet Drawers Bins, Pull-Out Organization with Track for Pantry, Kitchen","https://www.amazon.ca/dp/B0BZCMRNB9?tag=amaterest-20"
"3","Une cuisine simple et propre, ça change tout 😍","Rubbermaid Brilliance Food Storage Containers BPA Free Airtight Lids Ideal for Lunch Meal Prep & Leftovers Set of 5 (3.2 Cup)","https://amzn.to/41BjXCA"
"4","5 produits simples qui améliorent une maison","Mélange des meilleurs produits sélectionnés: tiroir, sous évier, contenants, placard, chaussures","https://www.amazon.ca/Best-Sellers/zgbs?tag=amaterest-20"
"5","Petit espace = vite désorganisé 😤","Amazon Basics Extra Wide Fabric 5-Drawer Storage Organizer Unit for Closet, White","https://www.amazon.ca/dp/B07SJ2CTV5?tag=amaterest-20"
"6","L’entrée peut vite devenir un désordre total 😂","Kitsure Shoe Rack - Non-Woven Shoe Rack Shelf, Shoe Organizer for Closet, Entryway, Garage & Corridor, Stackable Shelves, 70 x 30 x 47cm, Black","https://www.amazon.ca/dp/B0CNGTZ3B5?tag=amaterest-20"
"7","Un petit produit qui change beaucoup","Amazon Basics 6-Pack Cloth Drawer Storage Organizer Boxes","https://www.amazon.ca/dp/B07JGWT25L?tag=amaterest-20"
"8","Une maison organisée, c’est plus simple","Sevenblue 2 Pack Under Sink Organizer and Storage, 2 Tier Sliding Bathroom Organizers, Multi-Use Under Sink Organizer for Bathroom and Kitchen, Black","https://www.amazon.ca/dp/B0C1X4PGK4?tag=amaterest-20"
"9","Si ça ressemble à ça… il y a une solution","2 Tier Bathroom Storage Organizer, Vtopmart 2 Pack Clear Under Sink Organizers Vanity Counter Storage Container, Medicine Cabinet Drawers Bins, Pull-Out Organization with Track for Pantry, Kitchen","https://www.amazon.ca/dp/B0BZCMRNB9?tag=amaterest-20"
"10","C’est simple… mais très satisfaisant 😍","Airtight Food Storage Containers with Lids, Vtopmart 24 pcs Plastic Kitchen and Pantry Organization Canisters for Cereal, Dry Food, Flour and Sugar, BPA Free, Includes 24 Labels, Black","https://www.amazon.ca/Containers-Vtopmart-Organization-Canisters-Labels%EF%BC%8CBlack/dp/B08ZK5WDWN?utm_source=chatgpt.com&th=1&linkCode=ll2&tag=amaterest-20&linkId=a29500070a72f102a49393298e0a0a94&ref_=as_li_ss_tl"
