product_name,category,amazon_url,rating,reviews_count,price,notes
"Vtopmart 25 PCS Plastic Clear Drawer Organizer, Acrylic Desk Drawer organizers, Organization and Storage for Makeup, Bathroom, Office, kitchen, Bedroom","tiroir","https://www.amazon.ca/dp/B08KXKVT4K?tag=amaterest-20","4.6","33799","$27.99","Choisi comme produit tiroir principal: Page 1 Products Canada pour 'organizers and storage', position 2, 500+ avis, visuel clair et adapté Pinterest. Lien affilié avec tag amaterest-20."
"Amazon Basics 6-Pack Cloth Drawer Storage Organizer Boxes","tiroir","https://www.amazon.ca/dp/B07JGWT25L?tag=amaterest-20","4.6","5877","N/D","Choisi comme second produit tiroir: ASIN et rating/avis visibles dans des détails Amazon indexés; prix non visible dans les sources consultables, à vérifier avant publication. Lien affilié avec tag amaterest-20."
"2 Tier Bathroom Storage Organizer, Vtopmart 2 Pack Clear Under Sink Organizers Vanity Counter Storage Container, Medicine Cabinet Drawers Bins, Pull-Out Organization with Track for Pantry, Kitchen","sous evier","https://www.amazon.ca/dp/B0BZCMRNB9?tag=amaterest-20","4.6","764","$34.99","Choisi comme produit sous évier principal: Page 1 Products Canada pour 'organizers and storage', position 1, bon match problème/solution. Lien affilié avec tag amaterest-20."
"Sevenblue 2 Pack Under Sink Organizer and Storage, 2 Tier Sliding Bathroom Organizers, Multi-Use Under Sink Organizer for Bathroom and Kitchen, Black","sous evier","https://www.amazon.ca/dp/B0C1X4PGK4?tag=amaterest-20","4.5","1330","$36.99","Choisi comme second produit sous évier: Page 1 Products Canada pour 'organizers and storage', position 3, 500+ avis. Lien affilié avec tag amaterest-20."
"Rubbermaid Brilliance Food Storage Containers BPA Free Airtight Lids Ideal for Lunch Meal Prep & Leftovers Set of 5 (3.2 Cup)","contenants cuisine","https://amzn.to/41BjXCA","N/D","N/D","$27.83","Lien court fourni pour la pin 3. ASIN direct long non visible dans le lien court, à remplacer par URL /dp/ASIN seulement si souhaité."
"Airtight Food Storage Containers with Lids, Vtopmart 24 pcs Plastic Kitchen and Pantry Organization Canisters for Cereal, Dry Food, Flour and Sugar, BPA Free, Includes 24 Labels, Black","contenants cuisine","https://www.amazon.ca/Containers-Vtopmart-Organization-Canisters-Labels%EF%BC%8CBlack/dp/B08ZK5WDWN?utm_source=chatgpt.com&th=1&linkCode=ll2&tag=amaterest-20&linkId=a29500070a72f102a49393298e0a0a94&ref_=as_li_ss_tl","N/D","N/D","$31.44","Lien Amazon.ca affilié fourni pour la pin 10 avec ASIN B08ZK5WDWN."
"Amazon Basics Extra Wide Fabric 5-Drawer Storage Organizer Unit for Closet, White","placard","https://www.amazon.ca/dp/B07SJ2CTV5?tag=amaterest-20","4.5","2569","$73.63","Choisi comme produit placard principal: Page 1 Products Canada pour 'closet organizer', position 1, 500+ avis. Lien affilié avec tag amaterest-20."
"YOUDENOVA Hanging Closet Organizers and Storage, 6-Shelf Hanging Closet Shelves, Black","placard","https://www.amazon.ca/dp/B0819K32QK?tag=amaterest-20","4.5","11764","$22.99","Choisi comme second produit placard: Page 1 Products Canada pour 'closet organizer', position 3, bon prix, beaucoup d'avis. Lien affilié avec tag amaterest-20."
"Kitsure Shoe Rack - Non-Woven Shoe Rack Shelf, Shoe Organizer for Closet, Entryway, Garage & Corridor, Stackable Shelves, 70 x 30 x 47cm, Black","chaussures","https://www.amazon.ca/dp/B0CNGTZ3B5?tag=amaterest-20","4.4","1085","$17.99","Choisi comme produit chaussures principal: listé comme top produit Shoe Racks sur amazon.ca par Similarweb; prix Amazon.ca visible dans registre public; rating/avis à revérifier sur Amazon.ca avant publication. Lien affilié avec tag amaterest-20."
"SONGMICS Shoe Rack Bench, 3-Tier Bamboo Shoe Storage Organizer, Entryway Bench, Holds Up to 130 kg, 28.7 x 70.1 x 45.3 cm, for Entryway Bathroom Bedroom, Black ULBS04H","chaussures","https://www.amazon.ca/dp/B01N125MU5?tag=amaterest-20","4.7","21724","$44.99","Choisi comme second produit chaussures: ASIN et prix Amazon.ca visibles via tracker Canada; très bon angle entrée/chaussures, rating/avis à revérifier sur Amazon.ca avant publication. Lien affilié avec tag amaterest-20."
